Name,Recs,Yds,TDs,Msrecs,Msyards,MStds,RAS,Height,Weight,40,10,Vert,Broad,Shuttle,Round ,Pick,NFLCar,Starter,CarAV,GP,GS,NFLRecs,NFLYds,NFLTDs,Recs/Year,Yds/Year,Tds/Year
Reggie Wayne-2000,43,755,10,0.217171717,0.258031442,0.384615385,5.59,72,198,,,36,,,1,30,14,12,117,211,197,1070,14345,82,76.42857143,1024.642857,5.857142857
Andre Johnson-2002,52,1092,9,0.215767635,0.295534506,0.28125,9.98,74,230,,,39,120,,1,3,14,12,95,193,187,1062,14185,70,75.85714286,1013.214286,5
George Wrighster-2002,41,568,6,0.191588785,0.191956742,0.230769231,3.61,74.125,249,,,34.5,115,,4,104,6,1,8,67,28,94,850,9,15.66666667,141.6666667,1.5
Daniel Graham-2001,51,753,6,0.274193548,0.304734925,0.4,5.87,75.125,248,,,36,118,,1,21,11,8,19,148,117,224,2490,25,20.36363636,226.3636364,2.272727273
Rod Gardner-2000,51,956,6,0.320754717,0.413673734,0.352941176,5.69,74.25,219,,,36,,,1,15,6,4,25,91,62,242,3165,23,40.33333333,527.5,3.833333333
Bennie Joppru-2002,53,579,5,0.204633205,0.191341705,0.238095238,3.2,76.25,272,,,30.5,109,,2,41,2,0,0,19,0,0,0,0,0,0,0
Dallas Clark-2002,43,742,4,0.236263736,0.27139722,0.148148148,8.75,75.375,257,,,37.5,123,,1,24,11,8,51,143,118,505,5665,53,45.90909091,515,4.818181818
Jason Avant-2005,82,1007,8,0.344537815,0.376871257,0.347826087,7.44,72.5,212,,,37,118,,4,109,10,2,30,148,53,346,4118,13,34.6,411.8,1.3
Jason Avant-2003,47,772,2,0.165492958,0.219318182,0.076923077,7.44,72.5,212,,,37,118,,4,109,10,2,30,148,53,346,4118,13,34.6,411.8,1.3
Ron Johnson-2001,56,895,9,0.329411765,0.397777778,0.473684211,8.39,74.5,225,,,34.5,118,4.02,4,123,2,0,1,22,4,11,126,1,5.5,63,0.5
Ron Johnson-2000,59,1067,11,0.317204301,0.412925697,0.55,8.39,74.5,225,,,34.5,118,4.02,4,123,2,0,1,22,4,11,126,1,5.5,63,0.5
Chris Chambers-2000,47,774,4,0.319727891,0.391502276,0.285714286,7.62,71.625,210,,,45,122,4,2,52,10,7,57,153,127,540,7648,58,54,764.8,5.8
Reche Caldwell-2001,65,1059,10,0.217391304,0.237603769,0.23255814,8.76,71.75,194,,,41.5,130,4.1,2,48,6,1,20,71,29,152,1851,11,25.33333333,308.5,1.833333333
Reche Caldwell-2000,49,760,6,0.18490566,0.205516495,0.176470588,8.76,71.75,194,,,41.5,130,4.1,2,48,6,1,20,71,29,152,1851,11,25.33333333,308.5,1.833333333
Demetrius Williams-2005,59,1059,10,0.194719472,0.289819376,0.357142857,9.56,73.75,197,,,38,127,4.08,4,111,5,0,9,46,4,63,1008,4,12.6,201.6,0.8
Demetrius Williams-2004,47,593,2,0.205240175,0.226249523,0.090909091,9.56,73.75,197,,,38,127,4.08,4,111,5,0,9,46,4,63,1008,4,12.6,201.6,0.8
Demetrius Williams-2003,51,935,8,0.206477733,0.284367397,0.333333333,9.56,73.75,197,,,38,127,4.08,4,111,5,0,9,46,4,63,1008,4,12.6,201.6,0.8
Darrius Heyward-Bey-2008,42,609,5,0.185022026,0.226646818,0.333333333,9.88,73.625,210,4.3,1.54,38.5,126,4.18,1,7,9,5,22,130,69,201,2888,16,22.33333333,320.8888889,1.777777778
Darrius Heyward-Bey-2007,51,786,3,0.228699552,0.297276853,0.333333333,9.88,73.625,210,4.3,1.54,38.5,126,4.18,1,7,9,5,22,130,69,201,2888,16,22.33333333,320.8888889,1.777777778
Darrius Heyward-Bey-2006,45,694,5,0.220588235,0.291596639,0.3125,9.88,73.625,210,4.3,1.54,38.5,126,4.18,1,7,9,5,22,130,69,201,2888,16,22.33333333,320.8888889,1.777777778
Carlos Francis-2003,75,1177,9,0.148221344,0.190483897,0.169811321,8.4,69.125,198,4.31,1.53,38.5,114,4.06,4,99,1,0,0,5,0,0,0,0,0,0,0
Carlos Francis-2002,50,632,7,0.097087379,0.116091109,0.14,8.4,69.125,198,4.31,1.53,38.5,114,4.06,4,99,1,0,0,5,0,0,0,0,0,0,0
Carlos Francis-2001,50,703,3,0.128205128,0.189487871,0.111111111,8.4,69.125,198,4.31,1.53,38.5,114,4.06,4,99,1,0,0,5,0,0,0,0,0,0,0
Carlos Francis-2000,41,519,2,0.110215054,0.146279594,0.095238095,8.4,69.125,198,4.31,1.53,38.5,114,4.06,4,99,1,0,0,5,0,0,0,0,0,0,0
Samie Parker-2003,77,1088,7,0.311740891,0.330900243,0.291666667,7.91,70.375,179,4.34,1.52,36,,,4,105,4,2,13,47,31,110,1529,7,27.5,382.25,1.75
Samie Parker-2002,49,724,8,0.228971963,0.244677256,0.307692308,7.91,70.375,179,4.34,1.52,36,,,4,105,4,2,13,47,31,110,1529,7,27.5,382.25,1.75
Chad Jackson-2005,88,900,9,0.365145228,0.330882353,0.45,9.91,72.875,213,4.34,1.54,38.5,122,4.03,2,36,3,0,2,18,1,14,171,3,4.666666667,57,1
Calvin Johnson-2006,76,1202,15,0.436781609,0.506105263,0.6,10,77,239,4.35,1.52,,,,1,2,9,9,78,135,130,731,11619,83,81.22222222,1291,9.222222222
Calvin Johnson-2005,54,888,6,0.274111675,0.37900128,0.5,10,77,239,4.35,1.52,,,,1,2,9,9,78,135,130,731,11619,83,81.22222222,1291,9.222222222
Calvin Johnson-2004,48,837,7,0.284023669,0.378733032,0.411764706,10,77,239,4.35,1.52,,,,1,2,9,9,78,135,130,731,11619,83,81.22222222,1291,9.222222222
Desean Jackson-2007,65,762,6,0.243445693,0.245094886,0.285714286,7.17,69.75,169,4.35,1.55,,120,,2,49,10,10,69,141,136,548,9487,49,54.8,948.7,4.9
Desean Jackson-2006,59,1060,9,0.240816327,0.32199271,0.36,7.17,69.75,169,4.35,1.55,,120,,2,49,10,10,69,141,136,548,9487,49,54.8,948.7,4.9
Javon Walker-2001,45,944,7,0.244565217,0.322074377,0.269230769,9.98,74.75,210,4.35,1.5,39.5,128,4.05,1,20,8,2,39,83,46,267,4011,31,33.375,501.375,3.875
Cliff Russell-2001,53,744,4,0.294444444,0.322357019,0.222222222,5.34,73,185,4.36,1.63,,,,3,87,6,0,0,23,1,5,45,0,0.833333333,7.5,0
Courtney Roby-2004,55,810,7,0.339506173,0.395314788,0.538461538,9.56,72.125,189,4.36,1.56,36.5,126,4,3,68,10,0,3,92,6,26,343,1,2.6,34.3,0.1
Courtney Roby-2003,45,504,0,0.25862069,0.252252252,0,9.56,72.125,189,4.36,1.56,36.5,126,4,3,68,10,0,3,92,6,26,343,1,2.6,34.3,0.1
Courtney Roby-2002,59,1039,4,0.25877193,0.344039735,0.222222222,9.56,72.125,189,4.36,1.56,36.5,126,4,3,68,10,0,3,92,6,26,343,1,2.6,34.3,0.1
Andre Caldwell-2007,56,761,7,0.233333333,0.227776115,0.21875,9.46,72.25,204,4.37,1.55,33,124,4.11,3,97,8,0,12,105,18,156,1509,11,19.5,188.625,1.375
Andre Caldwell-2006,57,577,6,0.223529412,0.174583964,0.206896552,9.46,72.25,204,4.37,1.55,33,124,4.11,3,97,8,0,12,105,18,156,1509,11,19.5,188.625,1.375
Andre Caldwell-2004,43,689,3,0.176954733,0.211804488,0.103448276,9.46,72.25,204,4.37,1.55,33,124,4.11,3,97,8,0,12,105,18,156,1509,11,19.5,188.625,1.375
Willie Reid-2005,50,634,1,0.165016502,0.172563963,0.047619048,6.97,70.5,188,4.37,1.53,37.5,117,4.26,3,95,2,0,1,7,0,4,54,0,2,27,0
Deon Butler-2008,47,810,7,0.209821429,0.256329114,0.291666667,4.54,70.375,182,4.38,1.58,34.5,118,4.48,3,91,4,1,4,35,8,57,611,4,14.25,152.75,1
Deon Butler-2007,47,633,4,0.195833333,0.236017897,0.210526316,4.54,70.375,182,4.38,1.58,34.5,118,4.48,3,91,4,1,4,35,8,57,611,4,14.25,152.75,1
Deon Butler-2006,48,637,2,0.212389381,0.245094267,0.166666667,4.54,70.375,182,4.38,1.58,34.5,118,4.48,3,91,4,1,4,35,8,57,611,4,14.25,152.75,1
Troy Williamson-2004,43,835,7,0.270440252,0.379200727,0.538461538,9.12,73.375,203,4.38,1.6,,,,1,7,5,2,8,49,24,87,1131,4,17.4,226.2,0.8
Jason Hill-2006,41,600,7,0.157692308,0.192492782,0.304347826,9.33,72.5,204,4.38,1.53,37,123,4.22,3,76,6,1,9,54,13,78,1043,9,13,173.8333333,1.5
Jason Hill-2005,62,1097,13,0.287037037,0.359672131,0.52,9.33,72.5,204,4.38,1.53,37,123,4.22,3,76,6,1,9,54,13,78,1043,9,13,173.8333333,1.5
Jason Hill-2004,45,1007,12,0.238095238,0.380430676,0.6,9.33,72.5,204,4.38,1.53,37,123,4.22,3,76,6,1,9,54,13,78,1043,9,13,173.8333333,1.5
Aundrae Allison-2006,62,708,4,0.25,0.234126984,0.307692308,9.57,72.25,198,4.39,1.51,37,127,,5,146,2,0,3,26,0,18,231,0,9,115.5,0
Aundrae Allison-2005,83,1024,7,0.370535714,0.363636364,0.5,9.57,72.25,198,4.39,1.51,37,127,,5,146,2,0,3,26,0,18,231,0,9,115.5,0
Vernon Davis-2005,51,871,6,0.242857143,0.317883212,0.4,9.96,75.25,254,4.4,1.52,42,128,4.17,1,6,12,11,49,180,170,548,7072,60,45.66666667,589.3333333,5
Mike Thomas-2008,74,825,4,0.278195489,0.260088272,0.166666667,8.23,67.875,195,4.4,1.61,40.5,126,4.28,4,107,4,2,21,61,32,176,1796,7,44,449,1.75
Mike Thomas-2007,83,1038,11,0.25,0.280388979,0.392857143,8.23,67.875,195,4.4,1.61,40.5,126,4.28,4,107,4,2,21,61,32,176,1796,7,44,449,1.75
Mike Thomas-2006,50,597,2,0.261780105,0.294960474,0.222222222,8.23,67.875,195,4.4,1.61,40.5,126,4.28,4,107,4,2,21,61,32,176,1796,7,44,449,1.75
Mike Thomas-2005,52,771,5,0.246445498,0.305709754,0.263157895,8.23,67.875,195,4.4,1.61,40.5,126,4.28,4,107,4,2,21,61,32,176,1796,7,44,449,1.75
Devin Thomas-2007,79,1260,8,0.340517241,0.443349754,0.380952381,8.68,73.875,215,4.4,1.48,28,126,4.26,2,34,4,1,4,55,11,43,482,3,10.75,120.5,0.75
Percy Harvin-2008,40,644,7,0.18957346,0.215025042,0.212121212,8.29,71.125,192,4.41,1.59,,,,1,22,8,5,43,75,61,353,4026,22,44.125,503.25,2.75
Percy Harvin-2007,59,858,4,0.245833333,0.256809339,0.125,8.29,71.125,192,4.41,1.59,,,,1,22,8,5,43,75,61,353,4026,22,44.125,503.25,2.75
Tiquan Underwood-2007,65,1100,7,0.306603774,0.336700337,0.333333333,8.83,73.125,184,4.41,1.59,41.5,129,4.11,7,253,5,0,9,45,10,63,1006,6,12.6,201.2,1.2
Jonathan Orr-2005,40,688,8,0.2,0.231727854,0.363636364,7.59,74.125,198,4.41,1.56,35.5,119,4.16,6,172,0,0,0,0,0,0,0,0,0,0,0
Jonathan Orr-2002,47,842,8,0.274853801,0.365610074,0.533333333,7.59,74.125,198,4.41,1.56,35.5,119,4.16,6,172,0,0,0,0,0,0,0,0,0,0,0
Steve Breaston-2006,58,670,2,0.281553398,0.263987392,0.090909091,7.93,72.375,193,4.41,1.55,33,124,4.29,5,142,6,3,26,86,43,255,3387,9,42.5,564.5,1.5
Lee Evans-2003,64,1213,13,0.347826087,0.42816802,0.722222222,7.75,70.875,197,4.41,1.6,34.5,120,,1,13,8,7,49,118,104,381,6008,43,47.625,751,5.375
Lee Evans-2001,75,1545,9,0.451807229,0.604460094,0.529411765,7.75,70.875,197,4.41,1.6,34.5,120,,1,13,8,7,49,118,104,381,6008,43,47.625,751,5.375
Bethel Johnson-2002,40,718,8,0.182648402,0.223258706,0.32,9.42,71,201,4.42,1.55,38.5,127,,2,45,4,0,8,50,9,39,606,4,9.75,151.5,1
Kevin Kasper-2000,82,1010,7,0.356521739,0.391472868,0.4375,9.89,72,199,4.42,1.54,43.5,126,3.73,6,190,6,0,2,39,9,24,287,3,4,47.83333333,0.5
Robert Meachem-2006,71,1298,11,0.267924528,0.377545084,0.458333333,9.45,74,214,4.42,1.53,37.5,121,4.31,1,27,7,1,26,103,35,178,2914,27,25.42857143,416.2857143,3.857142857
Tyrone Calico-2002,45,606,4,0.304054054,0.327922078,0.666666667,9.54,75.75,223,4.42,1.63,38,127,4.26,2,60,3,0,5,27,8,42,501,4,14,167,1.333333333
Tyrone Calico-2000,47,752,3,0.21559633,0.285822881,0.214285714,9.54,75.75,223,4.42,1.63,38,127,4.26,2,60,3,0,5,27,8,42,501,4,14,167,1.333333333
Roscoe Parrish-2004,43,693,8,0.207729469,0.246443812,0.363636364,6.8,69.75,170,4.43,1.58,,,,2,55,8,0,14,90,14,134,1502,7,16.75,187.75,0.875
Kevin Curtis-2002,74,1258,9,0.286821705,0.371310508,0.428571429,9,71.125,186,4.44,1.53,36,122,3.99,3,74,8,3,26,81,36,253,3297,20,31.625,412.125,2.5
Kevin Curtis-2001,100,1531,10,0.37037037,0.483270202,0.4,9,71.125,186,4.44,1.53,36,122,3.99,3,74,8,3,26,81,36,253,3297,20,31.625,412.125,2.5
Mark Clayton-2004,66,876,8,0.246268657,0.265615525,0.222222222,7.55,70.375,193,4.44,1.57,36.5,118,4.07,1,22,7,3,27,83,65,260,3448,14,37.14285714,492.5714286,2
Mark Clayton-2003,83,1425,15,0.27852349,0.3477306,0.348837209,7.55,70.375,193,4.44,1.57,36.5,118,4.07,1,22,7,3,27,83,65,260,3448,14,37.14285714,492.5714286,2
Mark Clayton-2001,45,519,3,0.150501672,0.174924166,0.142857143,7.55,70.375,193,4.44,1.57,36.5,118,4.07,1,22,7,3,27,83,65,260,3448,14,37.14285714,492.5714286,2
Kenny McKinley-2008,54,642,4,0.21686747,0.221991701,0.2,7.05,72.375,189,4.44,1.59,37,113,4.1,5,141,1,0,0,8,0,0,0,0,0,0,0
Kenny McKinley-2007,77,968,9,0.298449612,0.312459651,0.45,7.05,72.375,189,4.44,1.59,37,113,4.1,5,141,1,0,0,8,0,0,0,0,0,0,0
Kenny McKinley-2006,51,880,5,0.209876543,0.270021479,0.208333333,7.05,72.375,189,4.44,1.59,37,113,4.1,5,141,1,0,0,8,0,0,0,0,0,0,0
Todd Watkins-2005,49,678,9,0.147590361,0.182209084,0.333333333,8.65,74.375,202,4.44,1.54,37,118,4.25,7,218,2,0,1,21,1,8,90,0,4,45,0
Todd Watkins-2004,52,1042,6,0.222222222,0.338861789,0.333333333,8.65,74.375,202,4.44,1.54,37,118,4.25,7,218,2,0,1,21,1,8,90,0,4,45,0
Jake Schifino-2000,42,778,4,0.287671233,0.335924007,0.235294118,6.99,72.625,200,4.44,1.58,,,,5,151,2,0,0,14,0,0,0,0,0,0,0
Kareem Kelly-2002,46,605,4,0.146964856,0.151705115,0.121212121,6.3,71.75,186,4.44,1.54,35,125,4.24,6,203,0,0,0,0,0,0,0,0,0,0,0
Kareem Kelly-2001,46,768,3,0.222222222,0.298600311,0.230769231,6.3,71.75,186,4.44,1.54,35,125,4.24,6,203,0,0,0,0,0,0,0,0,0,0,0
Kareem Kelly-2000,55,796,4,0.224489796,0.252858958,0.210526316,6.3,71.75,186,4.44,1.54,35,125,4.24,6,203,0,0,0,0,0,0,0,0,0,0,0
Deion Branch-2001,72,1188,9,0.307692308,0.380891311,0.391304348,8.7,69.125,191,4.45,1.51,36,117,3.78,2,65,11,8,52,140,111,518,6644,39,47.09090909,604,3.545454545
Deion Branch-2000,71,1016,9,0.303418803,0.360028349,0.333333333,8.7,69.125,191,4.45,1.51,36,117,3.78,2,65,11,8,52,140,111,518,6644,39,47.09090909,604,3.545454545
Steve Smith-2006,71,1083,9,0.26007326,0.31574344,0.3,9.2,71.75,197,4.45,1.54,38,120,4.19,2,51,6,1,23,64,29,245,2641,12,40.83333333,440.1666667,2
Steve Smith-2005,60,957,5,0.192307692,0.230214097,0.15625,9.2,71.75,197,4.45,1.54,38,120,4.19,2,51,6,1,23,64,29,245,2641,12,40.83333333,440.1666667,2
Steve Smith-2004,42,660,6,0.14893617,0.186862967,0.176470588,9.2,71.75,197,4.45,1.54,38,120,4.19,2,51,6,1,23,64,29,245,2641,12,40.83333333,440.1666667,2
Terrence Murphy-2004,56,721,3,0.251121076,0.230057435,0.166666667,9.69,72.875,202,4.45,1.54,,,,2,58,1,0,0,3,0,5,36,0,5,36,0
Terrence Murphy-2003,44,762,0,0.247191011,0.29870639,0,9.69,72.875,202,4.45,1.54,,,,2,58,1,0,0,3,0,5,36,0,5,36,0
Anthony Gonzalez-2006,51,734,8,0.230769231,0.262988176,0.258064516,9.38,72,193,4.46,1.57,38,123,4.08,1,32,5,1,16,40,12,99,1307,7,19.8,261.4,1.4
Greg Jennings-2005,98,1259,14,0.403292181,0.464233038,0.466666667,8.11,71.125,197,4.46,1.56,36.5,117,4.18,2,52,10,8,65,143,119,571,8291,64,57.1,829.1,6.4
Greg Jennings-2004,74,1092,11,0.285714286,0.374871267,0.47826087,8.11,71.125,197,4.46,1.56,36.5,117,4.18,2,52,10,8,65,143,119,571,8291,64,57.1,829.1,6.4
Greg Jennings-2003,56,1050,14,0.205882353,0.283707106,0.451612903,8.11,71.125,197,4.46,1.56,36.5,117,4.18,2,52,10,8,65,143,119,571,8291,64,57.1,829.1,6.4
Freddie Mitchell-2000,68,1314,8,0.346938776,0.452479339,0.347826087,8.52,71.375,185,4.46,1.57,39.5,120,4.06,1,25,4,0,13,63,17,90,1263,5,22.5,315.75,1.25
Kevin Ogletree-2008,58,723,5,0.215613383,0.296554553,0.555555556,8.81,72.5,196,4.46,1.61,36,122,4.08,8,500,5,0,8,62,0,78,999,6,15.6,199.8,1.2
Kevin Ogletree-2006,52,582,4,0.256157635,0.308426073,0.5,8.81,72.5,196,4.46,1.61,36,122,4.08,8,500,5,0,8,62,0,78,999,6,15.6,199.8,1.2
Derek Hagan-2005,77,1210,8,0.246794872,0.270029011,0.210526316,9.68,73.75,208,4.46,1.52,36,124,4.07,3,82,9,0,12,100,13,148,1734,7,16.44444444,192.6666667,0.777777778
Derek Hagan-2004,83,1248,10,0.287197232,0.327731092,0.285714286,9.68,73.75,208,4.46,1.52,36,124,4.07,3,82,9,0,12,100,13,148,1734,7,16.44444444,192.6666667,0.777777778
Derek Hagan-2003,66,1076,9,0.270491803,0.326952294,0.36,9.68,73.75,208,4.46,1.52,36,124,4.07,3,82,9,0,12,100,13,148,1734,7,16.44444444,192.6666667,0.777777778
Brandon Breazell-2007,51,810,4,0.275675676,0.341196293,0.307692308,3.96,71.625,160,4.47,1.57,30.5,115,,8,500,0,0,0,0,0,0,0,0,#DIV/0!,#DIV/0!,#DIV/0!
Dan Sheldon-2004,40,936,9,0.238095238,0.388865808,0.409090909,4.2,68.875,179,4.47,1.57,,,,8,500,0,0,0,0,0,0,0,0,#DIV/0!,#DIV/0!,#DIV/0!
Dan Sheldon-2002,40,783,5,0.296296296,0.371971496,0.3125,4.2,68.875,179,4.47,1.57,,,,8,500,0,0,0,0,0,0,0,0,#DIV/0!,#DIV/0!,#DIV/0!
Quentin McCord-2000,45,799,6,0.139751553,0.216589862,0.315789474,5.39,70.125,191,4.48,1.57,36.5,112,4.18,7,236,3,0,5,25,2,23,427,1,7.666666667,142.3333333,0.333333333
Jeremy Maclin-2008,102,1260,13,0.252475248,0.272432432,0.317073171,6.02,72.125,198,4.48,1.62,,,,1,19,9,8,51,114,112,514,6835,49,57.11111111,759.4444444,5.444444444
Jeremy Maclin-2007,80,1055,9,0.203045685,0.23993632,0.264705882,6.02,72.125,198,4.48,1.62,,,,1,19,9,8,51,114,112,514,6835,49,57.11111111,759.4444444,5.444444444
Robert Ferguson-2000,58,885,6,0.274881517,0.341962906,0.6,8.59,73.25,205,4.48,1.54,36.5,120,4.07,2,41,8,2,18,83,34,151,1993,13,18.875,249.125,1.625
Adrian Madise-2001,50,819,5,0.27173913,0.345715492,0.3125,5.33,71.375,215,4.48,1.56,32,119,4.26,5,158,1,0,0,11,0,2,10,0,2,10,0
Brandon Jones-2003,46,709,8,0.154362416,0.173011225,0.186046512,7.42,73.375,208,4.48,1.59,42,127,4.48,3,96,5,2,12,59,27,113,1398,9,22.6,279.6,1.8
Earl Bennett-2007,75,830,5,0.388601036,0.392064242,0.294117647,5.69,71.5,209,4.48,1.51,26,110,4.22,3,70,6,1,19,78,29,185,2277,12,30.83333333,379.5,2
Earl Bennett-2006,82,1146,6,0.438502674,0.474141498,0.375,5.69,71.5,209,4.48,1.51,26,110,4.22,3,70,6,1,19,78,29,185,2277,12,30.83333333,379.5,2
Earl Bennett-2005,79,876,9,0.288321168,0.283862605,0.428571429,5.69,71.5,209,4.48,1.51,26,110,4.22,3,70,6,1,19,78,29,185,2277,12,30.83333333,379.5,2
Vinny Sutherland-2000,65,926,11,0.22260274,0.269342641,0.423076923,4.84,68.625,192,4.48,1.58,32.5,,,5,136,2,0,0,18,0,1,5,0,0.5,2.5,0
Craig Bragg-2003,73,1065,5,0.32300885,0.403561955,0.416666667,7.29,72.625,196,4.48,1.58,36,,,6,195,0,0,0,0,0,0,0,0,0,0,0
Craig Bragg-2002,55,889,8,0.269607843,0.297822446,0.421052632,7.29,72.625,196,4.48,1.58,36,,,6,195,0,0,0,0,0,0,0,0,0,0,0
Kendrick Starling-2002,49,603,5,0.168965517,0.176109813,0.208333333,7.91,72.625,193,4.48,1.53,31.5,119,3.88,8,500,0,0,0,0,0,0,0,0,0,0,0
Cedrick Wilson-2000,62,681,12,0.29245283,0.294168467,0.571428571,6.78,69.75,179,4.48,1.56,38,123,,6,169,7,2,22,100,33,178,2365,8,25.42857143,337.8571429,1.142857143
Donnie Avery-2007,91,1456,7,0.312714777,0.402877698,0.291666667,9.32,71,192,4.49,1.56,,,,2,33,7,4,21,77,60,218,2861,14,31.14285714,408.7142857,2
Donnie Avery-2006,57,852,5,0.19,0.219079455,0.166666667,9.32,71,192,4.49,1.56,,,,2,33,7,4,21,77,60,218,2861,14,31.14285714,408.7142857,2
Donnie Avery-2005,44,688,5,0.17254902,0.210526316,0.263157895,9.32,71,192,4.49,1.56,,,,2,33,7,4,21,77,60,218,2861,14,31.14285714,408.7142857,2
Craig Davis-2006,56,836,4,0.228571429,0.255501222,0.133333333,7.68,73.375,207,4.49,1.61,,,,1,30,4,0,7,25,2,51,558,2,12.75,139.5,0.5
Craig Davis-2004,43,659,1,0.240223464,0.27220157,0.052631579,7.68,73.375,207,4.49,1.61,,,,1,30,4,0,7,25,2,51,558,2,12.75,139.5,0.5
James Hardy-2007,79,1125,16,0.29588015,0.366091767,0.571428571,9.46,77.375,217,4.49,1.56,31.5,125,4.2,2,41,2,0,1,16,3,10,96,2,5,48,1
James Hardy-2006,51,722,10,0.219827586,0.270919325,0.625,9.46,77.375,217,4.49,1.56,31.5,125,4.2,2,41,2,0,1,16,3,10,96,2,5,48,1
James Hardy-2005,61,893,10,0.273542601,0.369619205,0.416666667,9.46,77.375,217,4.49,1.56,31.5,125,4.2,2,41,2,0,1,16,3,10,96,2,5,48,1
Keenan Burton-2007,66,741,9,0.19939577,0.197969543,0.225,8.87,72.5,201,4.49,1.56,38.5,125,4.2,4,128,2,0,3,22,7,38,425,1,19,212.5,0.5
Keenan Burton-2006,77,1036,12,0.282051282,0.288017793,0.387096774,8.87,72.5,201,4.49,1.56,38.5,125,4.2,4,128,2,0,3,22,7,38,425,1,19,212.5,0.5
Aaron Kelly-2008,67,722,4,0.27016129,0.254943503,0.266666667,6.93,76.5,204,4.49,1.57,38,119,4.45,8,500,0,0,0,0,0,0,0,0,0,0,0
Aaron Kelly-2007,88,1081,11,0.298305085,0.343501748,0.366666667,6.93,76.5,204,4.49,1.57,38,119,4.45,8,500,0,0,0,0,0,0,0,0,0,0,0
Aaron Kelly-2005,47,575,2,0.189516129,0.20690896,0.142857143,6.93,76.5,204,4.49,1.57,38,119,4.45,8,500,0,0,0,0,0,0,0,0,0,0,0
Marko Mitchell-2008,61,1141,10,0.272321429,0.380333333,0.454545455,4.92,75.625,218,4.49,1.63,32,116,4.33,7,243,1,0,0,10,0,4,32,0,4,32,0
Marko Mitchell-2007,53,1129,8,0.263681592,0.342744384,0.275862069,4.92,75.625,218,4.49,1.63,32,116,4.33,7,243,1,0,0,10,0,4,32,0,4,32,0
Dorien Bryant-2007,87,936,8,0.235772358,0.234410218,0.266666667,5.02,69.75,174,4.49,1.61,,119,4.24,8,500,0,0,0,0,0,0,0,0,0,0,0
Dorien Bryant-2006,87,1068,6,0.270186335,0.261636453,0.25,5.02,69.75,174,4.49,1.61,,119,4.24,8,500,0,0,0,0,0,0,0,0,0,0,0
Dorien Bryant-2005,80,960,4,0.331950207,0.361037984,0.4,5.02,69.75,174,4.49,1.61,,119,4.24,8,500,0,0,0,0,0,0,0,0,0,0,0
Hank Baskett-2005,67,1071,9,0.35828877,0.49332105,0.5625,8.8,74.875,224,4.49,1.59,35,119,4.22,8,500,5,0,9,67,0,77,1098,6,15.4,219.6,1.2
Hank Baskett-2004,54,908,3,0.465517241,0.635409377,0.5,8.8,74.875,224,4.49,1.59,35,119,4.22,8,500,0,0,0,0,0,0,0,0,0,0,0
Brian Poli-Dixon-2000,46,700,5,0.234693878,0.241046832,0.217391304,7.85,77,210,4.5,1.57,,,,8,500,0,0,0,0,0,0,0,0,0,0,0
Devard Darling-2003,50,830,7,0.192307692,0.235394214,0.318181818,6.84,73.125,213,4.5,1.61,37,129,,3,82,5,1,4,46,10,37,578,4,7.4,115.6,0.8
Devard Darling-2002,54,800,11,0.197802198,0.210249671,0.366666667,6.84,73.125,213,4.5,1.61,37,129,,3,82,5,1,4,46,10,37,578,4,7.4,115.6,0.8
Darius Reynaud-2007,64,733,12,0.363636364,0.354620223,0.75,8.34,69.25,201,4.5,1.53,34.5,130,4.32,8,500,5,0,3,48,0,6,39,0,1.2,7.8,0
Jeris McIntyre-2003,41,621,3,0.202970297,0.2484994,0.3,4.15,71.25,203,4.5,1.62,29,112,4.08,6,195,0,0,0,0,0,0,0,0,0,0,0
Margin Hooks-2000,61,718,2,0.224264706,0.217905918,0.181818182,5.53,70.625,191,4.5,1.59,36,116,4.18,8,500,0,0,0,0,0,0,0,0,0,0,0
Chandler Williams-2006,67,664,1,0.304545455,0.313947991,0.2,5.01,70.75,184,4.5,1.6,32.5,123,4.29,7,233,0,0,0,0,0,0,0,0,0,0,0
Chandler Williams-2005,61,870,2,0.262931034,0.335260116,0.142857143,5.01,70.75,184,4.5,1.6,32.5,123,4.29,7,233,0,0,0,0,0,0,0,0,0,0,0
Terrance Copper-2003,87,897,2,0.412322275,0.432289157,0.333333333,4.52,71.875,204,4.5,1.59,35.5,116,4.33,8,500,9,0,10,125,0,84,1018,6,9.333333333,113.1111111,0.666666667
Shawn Mills-2000,55,713,5,0.273631841,0.293053843,0.333333333,4.77,72,180,4.51,1.6,34.5,116,4.15,8,500,0,0,0,0,0,0,0,0,0,0,0
Rashaun Woods-2003,77,1367,15,0.403141361,0.533775869,0.714285714,8.9,74.125,202,4.51,1.63,39,125,3.97,1,31,1,0,1,14,0,7,160,1,7,160,1
Rashaun Woods-2002,107,1695,17,0.440329218,0.496485062,0.53125,8.9,74.125,202,4.51,1.63,39,125,3.97,1,31,1,0,1,14,0,7,160,1,7,160,1
Rashaun Woods-2001,80,1023,10,0.372093023,0.436619718,0.714285714,8.9,74.125,202,4.51,1.63,39,125,3.97,1,31,1,0,1,14,0,7,160,1,7,160,1
Harry Douglas-2007,71,1159,7,0.224683544,0.282476237,0.233333333,6.42,71.25,176,4.51,1.53,31,120,4.12,3,84,10,2,31,118,40,310,3759,10,31,375.9,1
Harry Douglas-2006,70,1265,6,0.285714286,0.335543767,0.272727273,6.42,71.25,176,4.51,1.53,31,120,4.12,3,84,10,2,31,118,40,310,3759,10,31,375.9,1
Brandon Williams-2005,59,1095,6,0.295,0.368811047,0.272727273,5.9,69.375,179,4.51,1.56,34.5,115,4.09,3,84,2,0,0,23,0,0,0,0,0,0,0
Brandon Williams-2004,42,517,0,0.245614035,0.25772682,0,5.9,69.375,179,4.51,1.56,34.5,115,4.09,3,84,2,0,0,23,0,0,0,0,0,0,0
Brandon Williams-2003,49,649,1,0.266304348,0.229085775,0.055555556,5.9,69.375,179,4.51,1.56,34.5,115,4.09,3,84,2,0,0,23,0,0,0,0,0,0,0
Brandon Williams-2002,52,663,3,0.304093567,0.287885367,0.2,5.9,69.375,179,4.51,1.56,34.5,115,4.09,3,84,2,0,0,23,0,0,0,0,0,0,0
Marcus Smith-2007,91,1125,4,0.359683794,0.366449511,0.25,5.78,73.375,221,4.51,1.54,26.5,111,4.42,4,106,3,0,0,21,0,0,0,0,0,0,0
Marcus Smith-2006,53,859,9,0.259803922,0.321001495,0.5,5.78,73.375,221,4.51,1.54,26.5,111,4.42,4,106,3,0,0,21,0,0,0,0,0,0,0
Nate Burleson-2002,138,1629,12,0.47260274,0.458098988,0.444444444,8.46,72.5,197,4.51,1.58,42.5,126,4.16,3,71,11,8,46,135,103,457,5630,39,41.54545455,511.8181818,3.545454545
Nate Burleson-2001,53,737,2,0.242009132,0.270260359,0.153846154,8.46,72.5,197,4.51,1.58,42.5,126,4.16,3,71,11,8,46,135,103,457,5630,39,41.54545455,511.8181818,3.545454545
Nate Burleson-2000,57,921,8,0.247826087,0.313585291,0.5,8.46,72.5,197,4.51,1.58,42.5,126,4.16,3,71,11,8,46,135,103,457,5630,39,41.54545455,511.8181818,3.545454545
D.J. Hackett-2003,78,1013,7,0.275618375,0.302297822,0.259259259,9.82,74.5,199,4.51,1.52,41,131,4.08,5,157,4,0,14,42,16,118,1575,9,29.5,393.75,2.25
Reggie Brown-2004,53,860,6,0.263681592,0.289367429,0.25,8.24,73.625,196,4.51,1.62,41.5,128,4,2,35,5,3,20,72,45,177,2574,17,35.4,514.8,3.4
Reggie Brown-2003,49,662,3,0.178832117,0.19272198,0.214285714,8.24,73.625,196,4.51,1.62,41.5,128,4,2,35,5,3,20,72,45,177,2574,17,35.4,514.8,3.4
Jordy Nelson-2007,122,1606,11,0.378881988,0.468905109,0.523809524,6.85,74.625,217,4.51,1.57,31,123,4.35,2,36,10,6,70,136,88,550,7848,69,55,784.8,6.9
Jordy Nelson-2005,45,669,8,0.274390244,0.302031603,0.533333333,6.85,74.625,217,4.51,1.57,31,123,4.35,2,36,10,6,70,136,88,550,7848,69,55,784.8,6.9
Kenneth Moore-2007,98,1011,5,0.35125448,0.394459618,0.384615385,4.7,70.75,195,4.51,1.53,28,120,4.3,8,500,0,0,0,0,0,0,0,0,0,0,0
Justin McCareins-2000,66,1168,10,0.44295302,0.531634046,0.769230769,9.63,73.75,209,4.51,1.58,41,129,3.99,4,124,8,4,33,114,67,240,3676,16,30,459.5,2
Courtney Taylor-2006,54,704,2,0.315789474,0.313585746,0.142857143,8.27,73.75,204,4.51,1.52,36,122,4.28,6,197,2,0,1,18,4,14,136,0,7,68,0
Courtney Taylor-2004,43,737,6,0.203791469,0.23882048,0.24,8.27,73.75,204,4.51,1.52,36,122,4.28,6,197,2,0,1,18,4,14,136,0,7,68,0
Drisan James-2004,40,568,1,0.180995475,0.180088776,0.055555556,5.95,72,193,4.52,1.6,39,126,4.39,8,500,0,0,0,0,0,0,0,0,0,0,0
Travis Wilson-2004,50,660,11,0.186567164,0.200121286,0.305555556,9.07,74,214,4.52,1.6,36.5,120,4.03,3,78,1,0,0,4,1,2,32,0,2,32,0
Chris Davis-2006,49,684,4,0.205020921,0.225074038,0.210526316,6.12,70.25,181,4.52,1.57,35.5,115,4.14,4,128,2,0,0,17,0,7,69,0,3.5,34.5,0
Chris Davis-2005,51,666,5,0.168316832,0.181273816,0.238095238,6.12,70.25,181,4.52,1.57,35.5,115,4.14,4,128,2,0,0,17,0,7,69,0,3.5,34.5,0
Andrew Means-2007,48,559,0,0.179775281,0.181906931,0,5.72,72.625,214,4.52,1.63,34.5,116,4.21,8,500,0,0,0,0,0,0,0,0,0,0,0
Walter Young-2002,57,832,6,0.220930233,0.245572609,0.230769231,9.16,76.625,214,4.52,1.58,39,121,4.25,7,226,4,0,0,9,0,1,17,0,0.25,4.25,0
Walter Young-2001,44,712,6,0.208530806,0.235371901,0.25,9.16,76.625,214,4.52,1.58,39,121,4.25,7,226,4,0,0,9,0,1,17,0,0.25,4.25,0
Ryan Grice-Mullen-2007,106,1372,13,0.230936819,0.240154035,0.254901961,5.89,70,187,4.53,1.55,27.5,118,4.16,8,500,0,0,0,0,0,0,0,0,0,0,0
Ryan Grice-Mullen-2006,46,770,11,0.103603604,0.124635804,0.177419355,5.89,70,187,4.53,1.55,27.5,118,4.16,8,500,0,0,0,0,0,0,0,0,0,0,0
Ryan Grice-Mullen-2005,85,1228,12,0.224274406,0.26631967,0.324324324,5.89,70,187,4.53,1.55,27.5,118,4.16,8,500,0,0,0,0,0,0,0,0,0,0,0
Skyler Green-2003,48,519,5,0.188235294,0.159349094,0.166666667,5.26,69.125,192,4.53,1.58,34,118,,4,125,3,0,0,11,0,3,33,0,1,11,0
Kelly Campbell-2001,56,708,3,0.212121212,0.211532716,0.157894737,2.37,70.125,171,4.53,1.62,,,,8,500,3,0,12,37,0,57,1062,8,19,354,2.666666667
Kelly Campbell-2000,59,963,10,0.255411255,0.322937626,0.434782609,2.37,70.125,171,4.53,1.62,,,,8,500,3,0,12,37,0,57,1062,8,19,354,2.666666667
Paul Williams-2005,43,729,7,0.158671587,0.215425532,0.225806452,7.89,73.25,205,4.53,1.61,38.5,125,4.24,3,80,1,0,0,5,0,1,7,0,1,7,0
Sidney Rice-2006,72,1090,10,0.296296296,0.334458423,0.416666667,7.1,75.5,200,4.53,1.58,39.5,119,4.34,2,44,7,3,33,81,57,243,3592,30,34.71428571,513.1428571,4.285714286
Sidney Rice-2005,70,1143,13,0.328638498,0.431483579,0.619047619,7.1,75.5,200,4.53,1.58,39.5,119,4.34,2,44,7,3,33,81,57,243,3592,30,34.71428571,513.1428571,4.285714286
Johnnie Morant-2003,46,799,5,0.247311828,0.36922366,0.5,8.47,76,229,4.54,1.6,41,130,4.22,5,134,3,0,0,15,2,8,90,0,2.666666667,30,0
Ryne Robinson-2006,91,1178,8,0.377593361,0.423893487,0.533333333,5.26,69.125,179,4.54,1.61,35,123,4.21,4,118,1,0,0,16,0,4,35,0,4,35,0
Ryne Robinson-2005,75,1119,8,0.295275591,0.348815461,0.296296296,5.26,69.125,179,4.54,1.61,35,123,4.21,4,118,1,0,0,16,0,4,35,0,4,35,0
Ryne Robinson-2004,64,932,4,0.231046931,0.256396149,0.166666667,5.26,69.125,179,4.54,1.61,35,123,4.21,4,118,1,0,0,16,0,4,35,0,4,35,0
Ed Hinkel-2005,40,518,7,0.163265306,0.167474943,0.304347826,5.48,72.25,190,4.54,1.59,34,116,4.1,8,500,0,0,0,0,0,0,0,0,0,0,0
Ed Hinkel-2004,63,744,7,0.263598326,0.258243665,0.35,5.48,72.25,190,4.54,1.59,34,116,4.1,8,500,0,0,0,0,0,0,0,0,0,0,0
Maurice Brown-2002,48,966,11,0.263736264,0.353328456,0.407407407,4.37,72.25,219,4.54,1.6,33,117,4.25,8,500,0,0,0,0,0,0,0,0,0,0,0
Doug Gabriel-2002,75,1237,11,0.277777778,0.322387282,0.35483871,6.11,74.25,213,4.54,1.62,35.5,116,4.16,5,167,4,0,14,57,12,101,1550,8,25.25,387.5,2
Latarence Dunbar-2001,41,529,3,0.222826087,0.223300971,0.1875,2.49,70.75,196,4.54,1.64,34,122,4.35,6,196,1,0,0,5,0,0,0,0,0,0,0
Juaquin Iglesias-2008,74,1150,10,0.211428571,0.235125741,0.196078431,3.6,72.875,210,4.54,1.64,34.5,116,4.4,3,99,1,0,0,1,0,0,0,0,0,0,0
Juaquin Iglesias-2007,68,907,5,0.251851852,0.250899032,0.128205128,3.6,72.875,210,4.54,1.64,34.5,116,4.4,3,99,1,0,0,1,0,0,0,0,0,0,0
D.J. Hall-2007,67,1005,6,0.254752852,0.344295992,0.315789474,6.59,73.875,193,4.54,1.55,29.5,122,,8,500,0,0,0,0,0,0,0,0,0,0,0
D.J. Hall-2006,62,1056,5,0.276785714,0.381640766,0.277777778,6.59,73.875,193,4.54,1.55,29.5,122,,8,500,0,0,0,0,0,0,0,0,0,0,0
D.J. Hall-2005,48,676,5,0.229665072,0.260300347,0.3125,6.59,73.875,193,4.54,1.55,29.5,122,,8,500,0,0,0,0,0,0,0,0,0,0,0
Dustin Keller-2007,68,881,7,0.184281843,0.220636113,0.233333333,9.5,74.125,242,4.55,1.62,38,131,4.14,1,30,5,3,22,72,48,241,2876,17,48.2,575.2,3.4
Dustin Keller-2006,56,771,4,0.173913043,0.188878001,0.166666667,9.5,74.125,242,4.55,1.62,38,131,4.14,1,30,5,3,22,72,48,241,2876,17,48.2,575.2,3.4
Joel Filani-2006,91,1300,13,0.207762557,0.270664168,0.333333333,7.03,74.125,211,4.55,1.63,32.5,117,,6,188,0,0,0,0,0,0,0,0,0,0,0
Joel Filani-2005,65,1048,8,0.166240409,0.224603515,0.235294118,7.03,74.125,211,4.55,1.63,32.5,117,,6,188,0,0,0,0,0,0,0,0,0,0,0
Marcus Henry-2007,54,1014,10,0.178807947,0.268041237,0.277777778,6.44,75.625,207,4.55,1.59,31.5,126,4.3,6,171,0,0,0,0,0,0,0,0,0,0,0
Clinton Solomon-2005,46,800,7,0.187755102,0.258648561,0.304347826,3.8,74.75,214,4.55,1.6,33,114,4.48,8,500,0,0,0,0,0,0,0,0,0,0,0
Clinton Solomon-2004,58,905,6,0.242677824,0.314127039,0.3,3.8,74.75,214,4.55,1.6,33,114,4.48,8,500,0,0,0,0,0,0,0,0,0,0,0
Limas Sweed-2006,46,801,12,0.18852459,0.269243697,0.387096774,7.53,75.875,215,4.55,1.58,35,,,2,53,2,0,1,20,0,7,69,0,3.5,34.5,0
J.R. Russell-2004,73,968,7,0.28515625,0.279526422,0.259259259,8.97,75,206,4.56,1.54,34.5,,,7,253,0,0,0,0,0,0,0,0,0,0,0
J.R. Russell-2003,75,1213,8,0.316455696,0.357922691,0.4,8.97,75,206,4.56,1.54,34.5,,,7,253,0,0,0,0,0,0,0,0,0,0,0
Chris Henry-2004,52,872,12,0.348993289,0.43753136,0.6,5.51,76,197,4.56,1.67,36,,,3,83,5,0,16,55,12,119,1826,21,23.8,365.2,4.2
Chris Henry-2003,41,1006,10,0.317829457,0.494591937,0.526315789,5.51,76,197,4.56,1.67,36,,,3,83,5,0,16,55,12,119,1826,21,23.8,365.2,4.2
Shawn Nelson-2008,53,557,3,0.202290076,0.177728143,0.130434783,7.99,77,240,4.56,1.66,33,115,4.46,4,121,2,1,1,17,13,20,181,1,10,90.5,0.5
Ryan Moore-2003,44,637,3,0.179591837,0.227825465,0.2,4.98,74.25,217,4.56,1.6,32,110,4.35,8,500,0,0,0,0,0,0,0,0,0,0,0
P.K. Sam-2003,50,735,5,0.200803213,0.209700428,0.192307692,7.7,75.375,210,4.56,1.58,34.5,,,5,164,1,0,0,2,0,0,0,0,0,0,0
Justin Harper-2007,41,635,5,0.187214612,0.230406386,0.294117647,6.23,75.5,213,4.56,1.54,28.5,120,4.43,7,215,1,0,0,2,0,0,0,0,0,0,0
Justin Harper-2005,64,607,4,0.247104247,0.212163579,0.25,6.23,75.5,213,4.56,1.54,28.5,120,4.43,7,215,1,0,0,2,0,0,0,0,0,0,0
Brandon Marshall-2005,74,1195,11,0.317596567,0.392446634,0.458333333,7.48,76.5,229,4.56,1.6,37,120,,4,119,12,10,84,172,156,959,12215,82,79.91666667,1017.916667,6.833333333
Kenny Britt-2008,87,1371,7,0.348,0.390042674,0.269230769,7.08,74.875,218,4.56,1.63,37,124,4.47,1,30,9,4,35,116,76,329,5137,32,36.55555556,570.7777778,3.555555556
Kenny Britt-2007,62,1232,8,0.29245283,0.377104377,0.380952381,7.08,74.875,218,4.56,1.63,37,124,4.47,1,30,9,4,35,116,76,329,5137,32,36.55555556,570.7777778,3.555555556
Jarett Dillard-2008,87,1310,20,0.256637168,0.307945463,0.416666667,4.95,70.25,191,4.57,1.6,42.5,129,4.41,5,144,3,0,3,21,5,35,398,1,11.66666667,132.6666667,0.333333333
Jarett Dillard-2007,79,1057,14,0.254019293,0.300540233,0.482758621,4.95,70.25,191,4.57,1.6,42.5,129,4.41,5,144,3,0,3,21,5,35,398,1,11.66666667,132.6666667,0.333333333
Jarett Dillard-2006,91,1247,21,0.366935484,0.448077614,0.724137931,4.95,70.25,191,4.57,1.6,42.5,129,4.41,5,144,3,0,3,21,5,35,398,1,11.66666667,132.6666667,0.333333333
Dwayne Bowe-2006,65,990,12,0.265306122,0.302567237,0.4,6.16,74.25,221,4.57,1.64,33,125,4.35,1,23,9,8,49,125,112,537,7208,44,59.66666667,800.8888889,4.888888889
Dwayne Bowe-2005,41,710,9,0.189814815,0.243818681,0.409090909,6.16,74.25,221,4.57,1.64,33,125,4.35,1,23,9,8,49,125,112,537,7208,44,59.66666667,800.8888889,4.888888889
Airese Currie-2004,61,868,2,0.342696629,0.419526341,0.285714286,3.93,70.5,186,4.57,1.72,38,125,4.07,5,140,1,0,0,1,0,0,0,0,0,0,0
Airese Currie-2003,43,560,4,0.143333333,0.151885001,0.173913043,3.93,70.5,186,4.57,1.72,38,125,4.07,5,140,1,0,0,1,0,0,0,0,0,0,0
Quan Cosby-2008,92,1123,10,0.268221574,0.280189621,0.277777778,2.92,68.625,196,4.57,1.6,,,4.47,8,500,4,0,0,44,0,6,71,0,1.5,17.75,0
Quan Cosby-2007,60,680,5,0.216606498,0.204819277,0.227272727,2.92,68.625,196,4.57,1.6,,,4.47,8,500,4,0,0,44,0,6,71,0,1.5,17.75,0
Quan Cosby-2006,45,525,2,0.18442623,0.176470588,0.064516129,2.92,68.625,196,4.57,1.6,,,4.47,8,500,4,0,0,44,0,6,71,0,1.5,17.75,0
Arnaz Battle-2002,58,786,5,0.337209302,0.347173145,0.454545455,6.35,72.625,217,4.57,1.63,35,117,4.06,6,197,9,3,18,113,38,178,2150,11,19.77777778,238.8888889,1.222222222
Mike Williams-2009,49,746,6,0.213973799,0.304987735,0.375,8.12,76.625,229,4.57,1.6,36.5,,,4,101,5,3,25,63,52,223,3089,26,44.6,617.8,5.2
Mike Williams-2007,60,837,10,0.297029703,0.304363636,0.555555556,8.12,76.625,229,4.57,1.6,36.5,,,4,101,5,3,25,63,52,223,3089,26,44.6,617.8,5.2
Mike Williams-2003,95,1314,16,0.346715328,0.346610393,0.41025641,8.12,76.625,229,4.57,1.6,36.5,,,4,101,5,3,25,63,52,223,3089,26,44.6,617.8,5.2
Mike Williams-2002,81,1265,14,0.258785942,0.317201605,0.424242424,8.12,76.625,229,4.57,1.6,36.5,,,4,101,5,3,25,63,52,223,3089,26,44.6,617.8,5.2
Snoop Minnis-2000,63,1340,11,0.217241379,0.290798611,0.305555556,5.87,72.75,171,4.57,1.56,37.5,115,4.07,3,77,2,0,5,15,11,34,515,1,17,257.5,0.5
Ronald Bellamy-2002,46,530,5,0.177606178,0.175148711,0.238095238,3.08,72,208,4.58,1.63,30.5,119,4.1,8,500,1,0,0,2,0,1,8,0,1,8,0
Matt Trannon-2006,44,518,3,0.177419355,0.189674112,0.166666667,6.47,78,216,4.58,1.59,36.5,118,4.34,8,500,0,0,0,0,0,0,0,0,0,0,0
Matt Trannon-2005,40,573,4,0.158730159,0.176307692,0.166666667,6.47,78,216,4.58,1.59,36.5,118,4.34,8,500,0,0,0,0,0,0,0,0,0,0,0
Derek Abney-2003,51,616,5,0.247572816,0.253915911,0.277777778,3.72,69.25,179,4.58,1.61,33.5,120,4.08,7,244,0,0,0,0,0,0,0,0,0,0,0
Derek Abney-2002,40,569,4,0.205128205,0.238374529,0.166666667,3.72,69.25,179,4.58,1.61,33.5,120,4.08,7,244,0,0,0,0,0,0,0,0,0,0,0
Derek Abney-2001,66,741,6,0.261904762,0.244473771,0.260869565,3.72,69.25,179,4.58,1.61,33.5,120,4.08,7,244,0,0,0,0,0,0,0,0,0,0,0
Martin Nance-2005,81,1107,14,0.318897638,0.345074813,0.518518519,6.91,76.25,213,4.58,1.59,33.5,112,4.09,8,500,1,0,0,1,0,4,33,0,4,33,0
Martin Nance-2003,90,1498,11,0.247933884,0.313914501,0.289473684,6.91,76.25,213,4.58,1.59,33.5,112,4.09,8,500,1,0,0,1,0,4,33,0,4,33,0
Maurice Stovall-2005,69,1149,11,0.234693878,0.28993187,0.34375,7.96,76.375,217,4.58,1.62,35,122,4.16,3,90,7,0,5,81,12,52,668,3,7.428571429,95.42857143,0.428571429
Jerricho Cotchery-2003,86,1369,10,0.240896359,0.298908297,0.285714286,7.62,72.5,212,4.58,1.59,36,121,3.91,4,108,12,5,52,175,89,524,6623,34,43.66666667,551.9166667,2.833333333
Jerricho Cotchery-2002,67,1192,7,0.245421245,0.343713956,0.35,7.62,72.5,212,4.58,1.59,36,121,3.91,4,108,12,5,52,175,89,524,6623,34,43.66666667,551.9166667,2.833333333
Jacob Tamme-2007,56,619,6,0.16918429,0.165375367,0.15,6.63,75.5,236,4.58,1.56,30,109,4.27,4,127,9,2,20,130,36,259,2570,14,28.77777778,285.5555556,1.555555556
Keenan Howry-2002,40,784,5,0.186915888,0.264954376,0.192307692,1.61,69.625,178,4.58,1.57,31.5,114,4.28,7,221,3,0,0,23,1,3,18,0,1,6,0
Keenan Howry-2001,49,649,8,0.25257732,0.252430961,0.333333333,1.61,69.625,178,4.58,1.57,31.5,114,4.28,7,221,3,0,0,23,1,3,18,0,1,6,0
Keenan Howry-2000,47,721,5,0.232673267,0.254320988,0.25,1.61,69.625,178,4.58,1.57,31.5,114,4.28,7,221,3,0,0,23,1,3,18,0,1,6,0
Brian Hartline-2007,52,694,6,0.247619048,0.271305708,0.230769231,6.24,73.625,195,4.58,1.63,34.5,120,4.12,4,108,7,5,32,104,73,344,4766,14,49.14285714,680.8571429,2
Andrae Thurman-2002,61,915,3,0.24796748,0.263157895,0.176470588,2.82,71.75,192,4.58,1.64,34.5,121,4.33,8,500,2,0,1,17,0,9,104,0,4.5,52,0
Lavelle Hawkins-2007,72,872,6,0.269662921,0.280476037,0.285714286,4.46,71,187,4.59,1.58,,117,,4,126,6,0,7,56,4,71,771,1,11.83333333,128.5,0.166666667
Lavelle Hawkins-2006,46,705,5,0.187755102,0.214155529,0.2,4.46,71,187,4.59,1.58,,117,,4,126,6,0,7,56,4,71,771,1,11.83333333,128.5,0.166666667
Dallas Baker-2006,60,920,10,0.235294118,0.278366112,0.344827586,9.01,75.125,208,4.59,1.58,36,129,4.19,7,227,1,0,0,8,0,1,6,0,1,6,0
Dallas Baker-2005,52,697,5,0.215767635,0.25625,0.25,9.01,75.125,208,4.59,1.58,36,129,4.19,7,227,1,0,0,8,0,1,6,0,1,6,0
Sammie Stroughter-2008,70,1040,7,0.259259259,0.321285141,0.28,1.4,69.375,189,4.59,1.65,30,110,4.28,7,233,4,0,5,33,4,60,639,1,15,159.75,0.25
Sammie Stroughter-2006,74,1293,5,0.285714286,0.381078691,0.25,1.4,69.375,189,4.59,1.65,30,110,4.28,7,233,4,0,5,33,4,60,639,1,15,159.75,0.25
Taj Smith-2007,44,822,5,0.217821782,0.298909091,0.277777778,2.9,72.375,187,4.59,1.6,35,119,4.5,8,500,0,0,0,0,0,0,0,0,0,0,0
Darius Passmore-2008,56,945,7,0.318181818,0.456081081,0.411764706,2.17,72.375,188,4.59,1.71,33.5,,,8,500,0,0,0,0,0,0,0,0,0,0,0
Darius Passmore-2007,45,660,5,0.169172932,0.20288964,0.294117647,2.17,72.375,188,4.59,1.71,33.5,,,8,500,0,0,0,0,0,0,0,0,0,0,0
Michael Clayton-2003,78,1079,10,0.305882353,0.33128646,0.333333333,6.1,74.75,209,4.59,1.62,32.5,116,4.09,1,15,8,5,22,95,56,223,2955,10,27.875,369.375,1.25
Michael Clayton-2002,57,749,5,0.367741935,0.37638191,0.3125,6.1,74.75,209,4.59,1.62,32.5,116,4.09,1,15,8,5,22,95,56,223,2955,10,27.875,369.375,1.25
Michael Clayton-2001,47,754,6,0.197478992,0.210732253,0.333333333,6.1,74.75,209,4.59,1.62,32.5,116,4.09,1,15,8,5,22,95,56,223,2955,10,27.875,369.375,1.25
Steve Johnson-2007,60,1041,13,0.181268882,0.278119156,0.325,6.14,73.875,210,4.59,1.59,32.5,121,4.26,7,224,8,5,33,99,67,381,4764,34,47.625,595.5,4.25
Brian Robiskie-2008,42,535,8,0.2625,0.273937532,0.470588235,7.64,74.875,209,4.59,1.64,37.5,,4.19,2,36,5,1,3,38,14,43,485,4,8.6,97,0.8
Brian Robiskie-2007,55,935,11,0.261904762,0.365519937,0.423076923,7.64,74.875,209,4.59,1.64,37.5,,4.19,2,36,5,1,3,38,14,43,485,4,8.6,97,0.8
Antonio Bryant-2001,42,659,9,0.223404255,0.27074774,0.45,4.63,73.25,188,4.6,1.62,37,120,,2,63,8,5,37,106,82,372,5685,30,46.5,710.625,3.75
Antonio Bryant-2000,68,1302,11,0.367567568,0.439271255,0.47826087,4.63,73.25,188,4.6,1.62,37,120,,2,63,8,5,37,106,82,372,5685,30,46.5,710.625,3.75
Tony Scheffler-2005,57,670,9,0.234567901,0.247050147,0.3,9.32,77.375,254,4.6,1.64,33.5,115,4.04,2,61,8,1,24,107,42,258,3207,22,32.25,400.875,2.75
Tony Scheffler-2004,53,570,3,0.204633205,0.195674562,0.130434783,9.32,77.375,254,4.6,1.64,33.5,115,4.04,2,61,8,1,24,107,42,258,3207,22,32.25,400.875,2.75
Chansi Stuckey-2006,50,700,3,0.252525253,0.278884462,0.166666667,5.11,70.625,197,4.6,1.61,35,120,4.14,7,235,4,0,10,55,10,106,1062,5,26.5,265.5,1.25
Chansi Stuckey-2005,64,770,4,0.258064516,0.277078086,0.285714286,5.11,70.625,197,4.6,1.61,35,120,4.14,7,235,4,0,10,55,10,106,1062,5,26.5,265.5,1.25
Mario Manningham-2007,72,1174,12,0.32,0.410202655,0.48,3.26,71.75,181,4.6,1.57,32,117,4.27,3,95,7,4,23,67,41,211,2849,19,30.14285714,407,2.714285714
James Jones-2006,70,893,10,0.374331551,0.378229564,0.434782609,5.83,72.75,207,4.6,1.63,34,119,4.2,3,78,9,5,45,136,72,433,5861,51,48.11111111,651.2222222,5.666666667
Bernard Berrian-2003,63,668,4,0.235955056,0.248327138,0.266666667,4.4,73,183,4.61,1.63,38,128,4.18,3,78,8,5,33,109,70,288,4122,24,36,515.25,3
Bernard Berrian-2001,76,1270,13,0.24437299,0.292896679,0.30952381,4.4,73,183,4.61,1.63,38,128,4.18,3,78,8,5,33,109,70,288,4122,24,36,515.25,3
Dante Ridgeway-2004,105,1399,8,0.517241379,0.608525446,0.571428571,3.18,71.125,212,4.61,1.6,33,117,4.39,6,192,1,0,0,8,0,2,26,0,2,26,0
Dante Ridgeway-2003,89,1075,10,0.361788618,0.393772894,0.454545455,3.18,71.125,212,4.61,1.6,33,117,4.39,6,192,1,0,0,8,0,2,26,0,2,26,0
Dante Ridgeway-2002,44,556,4,0.221105528,0.259328358,0.2,3.18,71.125,212,4.61,1.6,33,117,4.39,6,192,1,0,0,8,0,2,26,0,2,26,0
Koren Robinson-2000,62,1061,13,0.256198347,0.329707893,0.464285714,7.18,73.5,211,4.61,1.6,38.5,123,,1,9,8,5,35,96,70,294,4244,16,36.75,530.5,2
Syndric Steptoe-2006,55,568,2,0.287958115,0.280632411,0.222222222,3.89,68.625,194,4.61,1.65,33,,,7,234,1,0,1,16,5,19,182,0,19,182,0
Mike Hass-2005,90,1532,6,0.337078652,0.469794542,0.461538462,5.63,72.625,208,4.61,1.59,32,116,4.15,6,171,3,0,0,2,0,0,0,0,0,0,0
Mike Hass-2004,86,1379,7,0.299651568,0.372099298,0.24137931,5.63,72.625,208,4.61,1.59,32,116,4.15,6,171,3,0,0,2,0,0,0,0,0,0,0
Mike Hass-2003,44,1013,7,0.160583942,0.237514654,0.28,5.63,72.625,208,4.61,1.59,32,116,4.15,6,171,3,0,0,2,0,0,0,0,0,0,0
Fred Gibson-2004,49,801,7,0.243781095,0.269515478,0.291666667,7.87,76,196,4.62,1.57,38.5,126,4.14,4,131,0,0,0,0,0,0,0,0,0,0,0
Fred Gibson-2002,43,758,4,0.167315175,0.220669578,0.142857143,7.87,76,196,4.62,1.57,38.5,126,4.14,4,131,0,0,0,0,0,0,0,0,0,0,0
John Standeford-2003,77,1150,4,0.303149606,0.394917582,0.25,5.14,75.125,197,4.62,1.6,32.5,113,4.08,8,500,2,0,2,11,0,16,249,0,8,124.5,0
John Standeford-2002,75,1307,13,0.276752768,0.393200963,0.619047619,5.14,75.125,197,4.62,1.6,32.5,113,4.08,8,500,2,0,2,11,0,16,249,0,8,124.5,0
John Standeford-2000,62,677,6,0.212328767,0.196916812,0.230769231,5.14,75.125,197,4.62,1.6,32.5,113,4.08,8,500,2,0,2,11,0,16,249,0,8,124.5,0
Jason Rivers-2007,92,1174,13,0.20043573,0.205496237,0.254901961,3.78,73.25,200,4.62,1.56,30,118,4.32,8,500,0,0,0,0,0,0,0,0,0,0,0
Jason Rivers-2006,72,1178,10,0.162162162,0.190676594,0.161290323,3.78,73.25,200,4.62,1.56,30,118,4.32,8,500,0,0,0,0,0,0,0,0,0,0,0
Jason Rivers-2004,80,973,7,0.216216216,0.221035893,0.184210526,3.78,73.25,200,4.62,1.56,30,118,4.32,8,500,0,0,0,0,0,0,0,0,0,0,0
Jason Rivers-2003,48,594,5,0.108108108,0.110367893,0.119047619,3.78,73.25,200,4.62,1.56,30,118,4.32,8,500,0,0,0,0,0,0,0,0,0,0,0
Jayson Swain-2006,49,688,6,0.18490566,0.200116347,0.25,4.12,72.375,212,4.62,1.62,33,,,8,500,0,0,0,0,0,0,0,0,0,0,0
Mario Urrutia-2006,58,973,6,0.236734694,0.258090186,0.272727273,4.62,77.375,232,4.62,1.6,30,115,4.44,7,246,0,0,0,0,0,0,0,0,0,0,0
David Anderson-2005,86,1221,8,0.346774194,0.355355064,0.32,3.18,70.5,192,4.62,1.63,34,116,4.21,7,251,6,1,7,67,10,88,965,4,14.66666667,160.8333333,0.666666667
David Anderson-2004,57,940,2,0.272727273,0.327070285,0.133333333,3.18,70.5,192,4.62,1.63,34,116,4.21,7,251,6,1,7,67,10,88,965,4,14.66666667,160.8333333,0.666666667
David Anderson-2003,72,1293,9,0.331797235,0.400805952,0.409090909,3.18,70.5,192,4.62,1.63,34,116,4.21,7,251,6,1,7,67,10,88,965,4,14.66666667,160.8333333,0.666666667
Justin Jenkins-2003,62,880,9,0.299516908,0.363036304,0.6,3.87,71.5,210,4.62,1.65,35,123,4.16,8,500,0,0,0,0,0,0,0,0,0,0,0
Justin Jenkins-2001,42,661,8,0.22459893,0.279610829,0.615384615,3.87,71.5,210,4.62,1.65,35,123,4.16,8,500,0,0,0,0,0,0,0,0,0,0,0
Jordan Norwood-2008,41,637,6,0.183035714,0.201582278,0.25,4.79,70.875,179,4.62,1.61,38,119,4.2,8,500,3,0,3,17,0,36,405,1,12,135,0.333333333
Brandon Lloyd-2002,65,1010,9,0.251937984,0.29811098,0.346153846,2.59,72.125,184,4.63,1.62,36,,,4,124,12,6,41,142,91,399,5989,36,33.25,499.0833333,3
Brandon Lloyd-2001,60,1006,8,0.28436019,0.332561983,0.333333333,2.59,72.125,184,4.63,1.62,36,,,4,124,12,6,41,142,91,399,5989,36,33.25,499.0833333,3
Marcus Monk-2006,50,962,11,0.324675325,0.459627329,0.47826087,5.03,76.25,222,4.63,1.6,34.5,119,4.3,7,248,0,0,0,0,0,0,0,0,0,0,0
Hakeem Nicks-2008,68,1222,12,0.373626374,0.472910217,0.571428571,3.08,72.75,212,4.63,1.7,36,,,1,29,7,4,40,92,67,356,5081,31,50.85714286,725.8571429,4.428571429
Hakeem Nicks-2007,74,958,5,0.336363636,0.352984525,0.333333333,3.08,72.75,212,4.63,1.7,36,,,1,29,7,4,40,92,67,356,5081,31,50.85714286,725.8571429,4.428571429
Austin Collie-2008,106,1538,15,0.313609467,0.381164808,0.428571429,5.68,72.875,200,4.63,1.63,34,120,4.24,4,127,5,0,18,49,17,179,1908,16,35.8,381.6,3.2
Austin Collie-2007,56,946,7,0.186666667,0.243877288,0.269230769,5.68,72.875,200,4.63,1.63,34,120,4.24,4,127,5,0,18,49,17,179,1908,16,35.8,381.6,3.2
Austin Collie-2004,53,771,8,0.226495726,0.250731707,0.444444444,5.68,72.875,200,4.63,1.63,34,120,4.24,4,127,5,0,18,49,17,179,1908,16,35.8,381.6,3.2
Greg Lee-2005,49,962,7,0.25257732,0.399335824,0.411764706,5.46,73.625,201,4.64,1.61,35.5,114,4.11,8,500,0,0,0,0,0,0,0,0,0,0,0
Greg Lee-2004,68,1297,10,0.293103448,0.415571932,0.416666667,5.46,73.625,201,4.64,1.61,35.5,114,4.11,8,500,0,0,0,0,0,0,0,0,0,0,0
Reggie Harrell-2003,58,1012,2,0.291457286,0.351266921,0.166666667,3.72,74.75,214,4.64,1.65,35,115,4.13,8,500,0,0,0,0,0,0,0,0,0,0,0
Davone Bess-2007,108,1266,12,0.235294118,0.22159986,0.235294118,4.06,69.875,194,4.64,1.54,31.5,118,4.27,8,500,6,2,30,91,0,363,3809,14,60.5,634.8333333,2.333333333
Davone Bess-2006,96,1220,15,0.216216216,0.197474911,0.241935484,4.06,69.875,194,4.64,1.54,31.5,118,4.27,8,500,6,2,30,91,0,363,3809,14,60.5,634.8333333,2.333333333
Davone Bess-2005,89,1124,14,0.234828496,0.24376491,0.378378378,4.06,69.875,194,4.64,1.54,31.5,118,4.27,8,500,6,2,30,91,0,363,3809,14,60.5,634.8333333,2.333333333
Jason Carter-2005,54,827,6,0.325301205,0.362560281,0.315789474,4.74,71.625,211,4.65,1.6,33,116,4.22,8,500,0,0,0,0,0,0,0,0,0,0,0
Gary Barnidge-2007,53,655,7,0.167721519,0.159639288,0.233333333,9.3,77.625,243,4.65,1.53,31,117,4.23,5,141,9,3,15,124,54,178,2258,14,19.77777778,250.8888889,1.555555556
Cory Rodgers-2005,52,685,5,0.248803828,0.274769354,0.333333333,1.63,71.875,188,4.65,1.63,33.5,110,4.19,4,104,0,0,0,0,0,0,0,0,0,0,0
Cory Rodgers-2004,61,836,7,0.299019608,0.287285223,0.333333333,1.63,71.875,188,4.65,1.63,33.5,110,4.19,4,104,0,0,0,0,0,0,0,0,0,0,0
Sam Aiken-2002,68,990,4,0.286919831,0.30947171,0.19047619,5.18,73.875,209,4.65,1.62,39.5,121,,4,127,8,0,7,95,11,48,684,2,6,85.5,0.25
Sam Aiken-2001,46,789,8,0.224390244,0.274721448,0.32,5.18,73.875,209,4.65,1.62,39.5,121,,4,127,8,0,7,95,11,48,684,2,6,85.5,0.25
Damarius Bilbo-2005,40,591,2,0.203045685,0.252240717,0.166666667,5.44,73.875,214,4.65,1.67,36.5,115,4.21,8,500,0,0,0,0,0,0,0,0,0,0,0
Todd Blythe-2007,52,779,5,0.204724409,0.319393194,0.555555556,5.45,76.875,214,4.65,1.61,31.5,118,4.23,8,500,0,0,0,0,0,0,0,0,0,0,0
Todd Blythe-2005,51,1000,9,0.224669604,0.347705146,0.473684211,5.45,76.875,214,4.65,1.61,31.5,118,4.23,8,500,0,0,0,0,0,0,0,0,0,0,0
J.R. Tolver-2002,128,1785,13,0.363636364,0.414923291,0.541666667,4.6,73,202,4.66,1.61,36,119,4.23,5,169,0,0,0,0,0,0,0,0,0,0,0
Chris Collins-2003,77,949,7,0.273049645,0.255244755,0.225806452,2.35,73.125,201,4.66,1.64,35,112,,8,500,0,0,0,0,0,0,0,0,0,0,0
Chris Collins-2002,55,812,10,0.19434629,0.236252546,0.476190476,2.35,73.125,201,4.66,1.64,35,112,,8,500,0,0,0,0,0,0,0,0,0,0,0
Chris Collins-2001,54,692,6,0.205323194,0.232370719,0.193548387,2.35,73.125,201,4.66,1.64,35,112,,8,500,0,0,0,0,0,0,0,0,0,0,0
Bobby Wade-2002,93,1389,8,0.37804878,0.399482312,0.470588235,3.27,70.25,193,4.66,1.59,34.5,115,4.11,5,139,7,3,22,102,50,244,2858,9,34.85714286,408.2857143,1.285714286
Bobby Wade-2001,62,882,8,0.31,0.32037777,0.380952381,3.27,70.25,193,4.66,1.59,34.5,115,4.11,5,139,7,3,22,102,50,244,2858,9,34.85714286,408.2857143,1.285714286
Bobby Wade-2000,45,626,3,0.354330709,0.369103774,0.333333333,3.27,70.25,193,4.66,1.59,34.5,115,4.11,5,139,7,3,22,102,50,244,2858,9,34.85714286,408.2857143,1.285714286
Mohamed Massaquoi-2008,58,920,8,0.235772358,0.254847645,0.296296296,5.53,73.5,210,4.66,1.68,36.5,127,,2,50,4,3,12,54,43,118,1745,7,29.5,436.25,1.75
Martellus Bennett-2007,49,587,4,0.228971963,0.243568465,0.285714286,8.44,78.125,259,4.68,1.53,34,118,4.53,2,61,10,6,35,144,107,433,4573,30,43.3,457.3,3
Derrick Williams-2007,55,529,3,0.229166667,0.197240865,0.157894737,2.75,71.5,194,4.68,1.64,33,,,3,82,2,0,0,18,1,9,82,0,4.5,41,0
Todd Heap-2000,45,617,3,0.235602094,0.210221465,0.142857143,7.95,76.625,252,4.68,1.69,32,,,1,31,12,7,43,145,131,499,5869,42,41.58333333,489.0833333,3.5
Steve Savoy-2004,67,961,11,0.288793103,0.303729456,0.333333333,0.89,70.875,182,4.68,1.62,,,,8,500,0,0,0,0,0,0,0,0,0,0,0
Steve Savoy-2003,40,663,7,0.197044335,0.25817757,0.411764706,0.89,70.875,182,4.68,1.62,,,,8,500,0,0,0,0,0,0,0,0,0,0,0
Kassim Osgood-2002,108,1552,8,0.306818182,0.360762436,0.333333333,2.21,76.875,208,4.68,1.73,31,122,4.44,8,500,11,0,8,166,0,45,766,5,4.090909091,69.63636364,0.454545455
Mark Bradford-2007,51,642,3,0.224669604,0.253154574,0.25,5.87,73,211,4.69,1.57,36.5,120,4.47,8,500,0,0,0,0,0,0,0,0,0,0,0
Derek McCoy-2003,63,883,11,0.222614841,0.263503432,0.407407407,6.05,75.25,210,4.69,1.66,38,128,4.13,8,500,0,0,0,0,0,0,0,0,0,0,0
Derek McCoy-2002,41,643,7,0.251533742,0.324092742,0.4375,6.05,75.25,210,4.69,1.66,38,128,4.13,8,500,0,0,0,0,0,0,0,0,0,0,0
Kevin Robinson-2007,55,640,5,0.310734463,0.348583878,0.454545455,0.76,71.5,202,4.69,1.61,27.5,115,4.77,6,182,1,0,0,8,0,0,0,0,0,0,0
Kevin Robinson-2005,43,661,8,0.232432432,0.300454545,0.571428571,0.76,71.5,202,4.69,1.61,27.5,115,4.77,6,182,1,0,0,8,0,0,0,0,0,0,0
Kevin Robinson-2004,44,602,3,0.20952381,0.255626327,0.272727273,0.76,71.5,202,4.69,1.61,27.5,115,4.77,6,182,1,0,0,8,0,0,0,0,0,0,0
Jeremy Childs-2008,72,802,7,0.241610738,0.213809651,0.233333333,2.47,71.625,200,4.69,1.65,33.5,115,4.26,8,500,0,0,0,0,0,0,0,0,0,0,0
Jeremy Childs-2007,82,1045,9,0.267100977,0.284586057,0.264705882,2.47,71.625,200,4.69,1.65,33.5,115,4.26,8,500,0,0,0,0,0,0,0,0,0,0,0
Chad Owens-2004,102,1290,17,0.275675676,0.293048614,0.447368421,3.95,67.375,183,4.7,1.66,37,116,3.95,6,185,3,0,0,6,0,0,0,0,0,0,0
Chad Owens-2003,85,1134,9,0.191441441,0.210702341,0.214285714,3.95,67.375,183,4.7,1.66,37,116,3.95,6,185,3,0,0,6,0,0,0,0,0,0,0
Chad Owens-2002,47,550,2,0.115479115,0.101738809,0.057142857,3.95,67.375,183,4.7,1.66,37,116,3.95,6,185,3,0,0,6,0,0,0,0,0,0,0
Danny Amendola-2007,109,1245,6,0.200367647,0.203631011,0.117647059,1.37,70.5,183,4.7,1.63,27.5,103,4.25,8,500,5,0,19,54,0,250,2359,9,50,471.8,1.8
Reno Mahe-2002,59,771,2,0.21299639,0.246404602,0.125,1.06,69.25,198,4.71,1.6,32,109,4.23,8,500,0,0,0,0,0,0,0,0,0,0,0
Reno Mahe-2001,91,1211,9,0.288888889,0.286627219,0.230769231,1.06,69.25,198,4.71,1.6,32,109,4.23,8,500,0,0,0,0,0,0,0,0,0,0,0
Anquan Boldin-2002,65,1011,13,0.299539171,0.34213198,0.481481481,2.05,72.625,216,4.71,1.61,33.5,114,4.33,2,54,14,13,86,202,198,1076,13779,82,76.85714286,984.2142857,5.857142857
Anquan Boldin-2000,41,664,6,0.14137931,0.144097222,0.166666667,2.05,72.625,216,4.71,1.61,33.5,114,4.33,2,54,14,13,86,202,198,1076,13779,82,76.85714286,984.2142857,5.857142857
Chauncey Stovall-2004,53,780,6,0.246511628,0.308788599,0.545454545,4.09,72.75,221,4.71,1.66,,,,8,500,0,0,0,0,0,0,0,0,0,0,0
Jarrett Hicks-2005,65,850,10,0.166240409,0.182168881,0.294117647,3.55,74.875,210,4.71,1.7,34.5,120,,8,500,0,0,0,0,0,0,0,0,0,0,0
Jarrett Hicks-2004,76,1177,13,0.178403756,0.245412844,0.382352941,3.55,74.875,210,4.71,1.7,34.5,120,,8,500,0,0,0,0,0,0,0,0,0,0,0
Boo Williams-2000,52,739,7,0.292134831,0.385699374,0.5,8.26,76,237,4.72,1.63,35.5,119,4.33,8,500,4,0,11,59,0,107,1143,12,26.75,285.75,3
Anthony Fasano-2005,47,576,2,0.159863946,0.145344436,0.0625,8.46,76.125,259,4.72,1.64,33.5,112,4.34,2,53,12,9,23,180,135,299,3278,36,24.91666667,273.1666667,3
Jaison Williams-2007,55,844,8,0.225409836,0.300784034,0.307692308,2.83,76.125,237,4.72,1.74,35.5,118,4.56,8,500,0,0,0,0,0,0,0,0,0,0,0
Jaison Williams-2006,68,984,6,0.236111111,0.314075966,0.333333333,2.83,76.125,237,4.72,1.74,35.5,118,4.56,8,500,0,0,0,0,0,0,0,0,0,0,0
Jovon Bouknight-2005,77,1116,12,0.34529148,0.412874584,0.666666667,3.96,73.375,195,4.72,1.65,34,120,4.05,8,500,0,0,0,0,0,0,0,0,0,0,0
Jovon Bouknight-2004,63,1075,7,0.268085106,0.372616984,0.368421053,3.96,73.375,195,4.72,1.65,34,120,4.05,8,500,0,0,0,0,0,0,0,0,0,0,0
Jovon Bouknight-2003,47,746,7,0.18875502,0.238034461,0.304347826,3.96,73.375,195,4.72,1.65,34,120,4.05,8,500,0,0,0,0,0,0,0,0,0,0,0
Jovon Bouknight-2002,63,689,3,0.225806452,0.205242776,0.12,3.96,73.375,195,4.72,1.65,34,120,4.05,8,500,0,0,0,0,0,0,0,0,0,0,0
David Thomas-2005,50,613,5,0.229357798,0.198832306,0.192307692,7.82,75.125,252,4.73,1.64,37.5,113,4.35,3,86,7,2,9,80,38,102,938,8,14.57142857,134,1.142857143
Adarius Bowman-2007,67,1006,8,0.292576419,0.318253717,0.307692308,4.37,74.875,223,4.74,1.64,,,,8,500,0,0,0,0,0,0,0,0,0,0,0
Adarius Bowman-2006,60,1181,12,0.344827586,0.450247808,0.444444444,4.37,74.875,223,4.74,1.64,,,,8,500,0,0,0,0,0,0,0,0,0,0,0
Paris Warren-2004,80,1076,12,0.344827586,0.340075853,0.363636364,2.34,72.375,213,4.77,1.7,31.5,,,7,225,1,0,0,8,0,5,63,0,5,63,0
Paris Warren-2003,76,809,4,0.374384236,0.315031153,0.235294118,2.34,72.375,213,4.77,1.7,31.5,,,7,225,1,0,0,8,0,5,63,0,5,63,0
Kory Sperry-2005,42,547,4,0.169354839,0.15919674,0.16,7.63,76.75,238,4.77,1.69,33.5,122,4.25,8,500,5,0,1,40,0,9,152,1,1.8,30.4,0.2
Nate Poole-2000,70,818,4,0.23890785,0.228236607,0.166666667,2.1,73.5,198,4.79,1.6,32.5,112,4.22,8,500,4,0,3,36,0,34,418,2,8.5,104.5,0.5
Ernest Wilford-2003,55,886,3,0.303867403,0.354116707,0.176470588,6.52,75.625,226,4.81,1.68,40.5,130,4.17,4,120,7,3,22,87,44,156,2145,15,22.28571429,306.4285714,2.142857143
Ernest Wilford-2002,51,925,7,0.303571429,0.414984298,0.5,6.52,75.625,226,4.81,1.68,40.5,130,4.17,4,120,7,3,22,87,44,156,2145,15,22.28571429,306.4285714,2.142857143
Jermichael Finley-2007,45,575,2,0.162454874,0.173192771,0.090909091,5.34,76.5,243,4.82,1.66,27.5,117,4.38,3,91,6,3,27,70,48,223,2785,20,37.16666667,464.1666667,3.333333333
Clark Harris-2004,53,725,5,0.174917492,0.212236534,0.263157895,6.68,77.5,261,4.83,1.7,32,112,,7,243,10,0,9,140,0,0,0,0,0,0,0
Trent Smith-2001,61,564,6,0.204013378,0.190091001,0.285714286,4.76,77.125,243,4.84,1.76,35.5,118,4.37,7,223,1,0,0,5,2,3,7,0,3,7,0
Marcedes Lewis-2005,58,741,10,0.234817814,0.228421702,0.294117647,7.55,78.375,261,4.84,1.67,37,118,4.84,1,28,12,11,33,170,157,375,4502,33,31.25,375.1666667,2.75
James Newson-2003,81,1306,3,0.295620438,0.306213365,0.12,0.88,72.75,213,4.85,1.71,31.5,116,,8,500,0,0,0,0,0,0,0,0,0,0,0
James Newson-2002,74,1284,12,0.334841629,0.376098418,0.461538462,0.88,72.75,213,4.85,1.71,31.5,116,,8,500,0,0,0,0,0,0,0,0,0,0,0
James Newson-2001,57,968,5,0.286432161,0.35601324,0.333333333,0.88,72.75,213,4.85,1.71,31.5,116,,8,500,0,0,0,0,0,0,0,0,0,0,0
Davon Drew-2008,43,695,3,0.173387097,0.231975968,0.2,2.97,75.75,256,4.85,1.73,29.5,113,4.56,5,149,0,0,0,0,0,0,0,0,0,0,0
Zach Miller-2004,56,552,6,0.193771626,0.144957983,0.171428571,6.04,76.375,256,4.86,1.68,34,115,4.42,6,180,9,2,12,66,33,146,1631,15,16.22222222,181.2222222,1.666666667
Charles Frederick-2003,59,831,5,0.218518519,0.256798517,0.294117647,0.32,70.75,194,4.86,1.65,33,108,4.35,8,500,0,0,0,0,0,0,0,0,0,0,0
Charles Frederick-2002,45,651,2,0.120967742,0.144634526,0.071428571,0.32,70.75,194,4.86,1.65,33,108,4.35,8,500,0,0,0,0,0,0,0,0,0,0,0
Jonny Harline-2006,58,935,12,0.186495177,0.222301474,0.363636364,1.88,75.75,248,4.86,1.7,28.5,106,4.68,8,500,0,0,0,0,0,0,0,0,0,0,0
Jonny Harline-2005,63,853,5,0.189759036,0.229239452,0.185185185,1.88,75.75,248,4.86,1.7,28.5,106,4.68,8,500,0,0,0,0,0,0,0,0,0,0,0
Scott Chandler-2006,46,591,6,0.185483871,0.18954458,0.285714286,4.79,79,270,4.87,1.73,30,111,4.32,4,129,9,2,18,90,39,205,2379,21,22.77777778,264.3333333,2.333333333
Scott Chandler-2005,47,552,2,0.191836735,0.178467507,0.086956522,4.79,79,270,4.87,1.73,30,111,4.32,4,129,9,2,18,90,39,205,2379,21,22.77777778,264.3333333,2.333333333
John Carlson-2006,47,634,4,0.162068966,0.184678124,0.108108108,5.92,77.125,251,4.88,1.67,30.5,113,4.28,2,38,7,5,16,90,64,210,2256,15,30,322.2857143,2.142857143
Chris Cooley-2003,62,732,6,0.253061224,0.252066116,0.315789474,7.61,75.5,265,4.89,1.65,33,115,4.19,3,81,9,6,34,117,103,429,4711,33,47.66666667,523.4444444,3.666666667
Derek Smith-2000,49,713,5,0.152173913,0.193277311,0.263157895,2.94,76,271,4.9,1.72,28.5,112,4.38,8,500,0,0,0,0,0,0,0,0,0,0,0
Joe Newton-2004,56,687,7,0.195121951,0.185375067,0.24137931,3.96,79.125,257,4.92,1.69,31,109,4.57,8,500,0,0,0,0,0,0,0,0,0,0,0
Tim Euhus-2003,49,645,7,0.178832117,0.15123095,0.28,7.93,77,260,4.94,1.71,34.5,115,4.13,4,109,4,0,1,34,8,14,115,2,3.5,28.75,0.5
Brian Natkin-2000,64,787,4,0.309178744,0.288278388,0.153846154,0.5,74.125,251,4.95,1.76,27,98,4.59,8,500,1,0,0,3,0,2,42,0,2,42,0
Tim Stratton-2000,56,579,2,0.191780822,0.168411867,0.076923077,0.85,76,251,4.99,1.71,27,101,,8,500,0,0,0,0,0,0,0,0,0,0,0
Bear Pascoe-2007,45,553,4,0.209302326,0.203908555,0.266666667,0.55,77.125,251,5.04,1.8,26.5,107,4.55,6,184,7,1,3,85,34,40,336,2,5.714285714,48,0.285714286
